run,kind,recipe,detector_size,seed,fraction,neck,microbatch,accumulation,split,evaluator_version,AP50,AP50:95,precision,recall,false_positives_per_negative_frame,fraction_negative_frames_with_fp
det-adapted-f010-s13,adapted,A,448,13,10,none,8,1,val,legacy-coco-v1,0.1138712722757017,0.02806979262653545,0.5257171117705243,0.057301493180960596,0.0,0.0
det-adapted-f010-s23,adapted,A,448,23,10,none,8,1,val,legacy-coco-v1,0.11997394341045965,0.028590417931610993,0.4519471239728474,0.06819039404883834,0.0009255199961030737,0.0007793852598762726
det-adapted-f010-s7,adapted,A,448,7,10,none,8,1,val,legacy-coco-v1,0.10664096286304621,0.024920944786475035,0.4230462519936204,0.057193682281278635,0.0012177894685566758,0.0008768084173608067
det-adapted-r672-f010-s7,adapted,A,672,7,10,none,8,1,val,legacy-coco-v1,0.2074332345533497,0.05276113419969816,0.540415359330644,0.19497601207482076,0.009596181012226606,0.00920648838228847
det-adapted-r672-f010-s7,adapted,A,672,7,10,none,8,1,channel,legacy-coco-v1,0.10957565080823647,0.029263248746333542,0.5001380834023751,0.086731639568018,0.0048,0.0048
det-b-finetune-r672-f001-s7-mb4,finetune,B,672,7,1,none,4,2,val,cfc-coco-positive-annotation-ids-v2,0.12019866870728303,0.03132032670310013,0.2419751400081956,0.19098700878658834,0.2741000535827366,0.22119927906863462
det-b-finetune-r672-f010-s7,finetune,B,672,7,10,none,8,1,val,legacy-coco-v1,0.48527114856452314,0.16373641907950162,0.6920629871162717,0.4690852245161986,0.025671001997174727,0.02450192410736032
det-b-finetune-r672-f010-s7,finetune,B,672,7,10,none,8,1,channel,legacy-coco-v1,0.21751731595125517,0.06466530088786701,0.32975081127750155,0.2652235339192069,1.8872,0.8392
det-b-finetune-r672-f010-s7-mb4,finetune,B,672,7,10,none,4,2,val,cfc-coco-positive-annotation-ids-v2,0.48950158171313524,0.16366620566456602,0.7101220626089845,0.46099940704005177,0.02255346095766964,0.02182278727653563
det-b-r672-f010-s7,adapted,B,672,7,10,none,8,1,val,legacy-coco-v1,0.20547040021838053,0.05439020339196379,0.5974261009451035,0.1601530914775484,0.003848214720639096,0.0035072336694432268
det-b-r672-f010-s7,adapted,B,672,7,10,none,8,1,channel,legacy-coco-v1,0.09332284000708907,0.025925508448174234,0.5951792336217553,0.04611958525897368,0.0032,0.0032
det-capacity-finetune-r672-f010-s7-mb4,finetune,published,672,7,10,capacity,4,2,val,cfc-coco-positive-annotation-ids-v2,0.5105102395687281,0.17337895468501427,0.719735182849937,0.49226456794781953,0.028885966194164354,0.027570753568123142
det-control-r672-f010-s7,adapted,B-CONTROL,672,7,10,none,8,1,val,legacy-coco-v1,0.2051520930767919,0.053663485180209934,0.6178555604785113,0.1503422996064902,0.0032149641969896245,0.0031662526182473574
det-control-r672-f010-s7,adapted,B-CONTROL,672,7,10,none,8,1,channel,legacy-coco-v1,0.09522069523158905,0.023976633996173172,0.6052534221235664,0.039175307104714924,0.0,0.0
det-finetune-f010-s7,finetune,published,448,7,10,none,8,1,val,legacy-coco-v1,0.4547914960197912,0.14883281821125868,0.676499428011113,0.4462832192334645,0.026206829363339665,0.02464805884358712
det-finetune-r672-f001-s7-mb4,finetune,published,672,7,1,none,4,2,val,cfc-coco-positive-annotation-ids-v2,0.14084219704641673,0.038665792693424156,0.2757755180846956,0.2309848525685947,0.2856446977446539,0.24808807053436602
det-finetune-r672-f010-s7,finetune,published,672,7,10,none,8,1,val,legacy-coco-v1,0.49760478929015206,0.1665178957703336,0.69700533082471,0.4792733545361436,0.029032100930391155,0.027375907253154075
det-finetune-r672-f010-s7,finetune,published,672,7,10,none,8,1,channel,legacy-coco-v1,0.24284791553885862,0.0736437655104174,0.4028058101445919,0.2915160077584349,1.7216,0.816
det-finetune-r672-f010-s7-mb4,finetune,published,672,7,10,none,4,2,val,cfc-coco-positive-annotation-ids-v2,0.5001146683756039,0.16992657889355578,0.6985167837626854,0.4823459651770794,0.0308831409225973,0.02942179356032929
det-image-finetune-r672-f010-s7-mb4,finetune,published,672,7,10,image,4,2,val,cfc-coco-positive-annotation-ids-v2,0.5174099902084023,0.17743321866217873,0.7083017149795113,0.5031534688156972,0.03219835354863851,0.03005504408397876
det-motion-r672-f010-s7,adapted,C-MOTION,672,7,10,none,8,1,val,legacy-coco-v1,0.20750027152250003,0.05172683575967029,0.5953084595493165,0.17373726483747506,0.003799503141896829,0.0036533684056700277
det-motion-r672-f010-s7,adapted,C-MOTION,672,7,10,none,8,1,channel,legacy-coco-v1,0.09202671870952804,0.023224024041928807,0.5765706806282722,0.04219247623380666,0.0,0.0
det-published-f010-s13,published,published,448,13,10,none,8,1,val,legacy-coco-v1,0.1560947229982459,0.03954752343792475,0.49389946315275746,0.10910463047814134,0.0007793852598762726,0.0007793852598762726
det-published-f010-s23,published,published,448,23,10,none,8,1,val,legacy-coco-v1,0.16119596773588124,0.04332122030611405,0.5829991980753809,0.07837852406878336,0.00048711578742267035,0.00043840420868040335
det-published-f010-s7,published,published,448,7,10,none,8,1,val,legacy-coco-v1,0.15285253042653674,0.040586310184010224,0.5599173553719008,0.07304188453452644,0.00048711578742267035,0.00048711578742267035
det-published-r672-f010-s7,published,published,672,7,10,none,8,1,val,legacy-coco-v1,0.26997822969453616,0.07621921163621888,0.6592941941779151,0.21853269365532854,0.0036533684056700277,0.0033123873544741583
det-published-r672-f010-s7,published,published,672,7,10,none,8,1,channel,legacy-coco-v1,0.12854751665999872,0.03780324407434687,0.47778564922578687,0.11304805919398482,0.1144,0.108
det-random-f010-s7,random,random,448,7,10,none,8,1,val,legacy-coco-v1,0.09529830798815421,0.025822646123428786,0.5551330798479087,0.03935097838391462,0.0,0.0
